<?xml version="1.0" encoding="UTF-8"?>
<GenRun Id="impl_1" LaunchPart="xc7a35tcpg236-1" LaunchTime="1733756995">
  <File Type="ROUTE-PWR" Name="Traffic_System_power_routed.rpt"/>
  <File Type="PA-TCL" Name="Traffic_System.tcl"/>
  <File Type="BITSTR-MMI" Name="Traffic_System.mmi"/>
  <File Type="OPT-METHODOLOGY-DRC" Name="Traffic_System_methodology_drc_opted.rpt"/>
  <File Type="INIT-TIMING" Name="Traffic_System_timing_summary_init.rpt"/>
  <File Type="ROUTE-PWR-SUM" Name="Traffic_System_power_summary_routed.pb"/>
  <File Type="REPORTS-TCL" Name="Traffic_System_reports.tcl"/>
  <File Type="OPT-TIMING" Name="Traffic_System_timing_summary_opted.rpt"/>
  <File Type="OPT-DCP" Name="Traffic_System_opt.dcp"/>
  <File Type="OPT-DRC" Name="Traffic_System_drc_opted.rpt"/>
  <File Type="OPT-HWDEF" Name="Traffic_System.hwdef"/>
  <File Type="PWROPT-DCP" Name="Traffic_System_pwropt.dcp"/>
  <File Type="PWROPT-DRC" Name="Traffic_System_drc_pwropted.rpt"/>
  <File Type="PWROPT-TIMING" Name="Traffic_System_timing_summary_pwropted.rpt"/>
  <File Type="PLACE-DCP" Name="Traffic_System_placed.dcp"/>
  <File Type="PLACE-IO" Name="Traffic_System_io_placed.rpt"/>
  <File Type="PLACE-CLK" Name="Traffic_System_clock_utilization_placed.rpt"/>
  <File Type="PLACE-UTIL" Name="Traffic_System_utilization_placed.rpt"/>
  <File Type="PLACE-UTIL-PB" Name="Traffic_System_utilization_placed.pb"/>
  <File Type="PLACE-CTRL" Name="Traffic_System_control_sets_placed.rpt"/>
  <File Type="PLACE-SIMILARITY" Name="Traffic_System_incremental_reuse_placed.rpt"/>
  <File Type="PLACE-PRE-SIMILARITY" Name="Traffic_System_incremental_reuse_pre_placed.rpt"/>
  <File Type="BG-BIN" Name="Traffic_System.bin"/>
  <File Type="PLACE-TIMING" Name="Traffic_System_timing_summary_placed.rpt"/>
  <File Type="POSTPLACE-PWROPT-DCP" Name="Traffic_System_postplace_pwropt.dcp"/>
  <File Type="BITSTR-MSK" Name="Traffic_System.msk"/>
  <File Type="POSTPLACE-PWROPT-TIMING" Name="Traffic_System_timing_summary_postplace_pwropted.rpt"/>
  <File Type="PHYSOPT-DCP" Name="Traffic_System_physopt.dcp"/>
  <File Type="PHYSOPT-DRC" Name="Traffic_System_drc_physopted.rpt"/>
  <File Type="BITSTR-RBT" Name="Traffic_System.rbt"/>
  <File Type="PHYSOPT-TIMING" Name="Traffic_System_timing_summary_physopted.rpt"/>
  <File Type="ROUTE-ERROR-DCP" Name="Traffic_System_routed_error.dcp"/>
  <File Type="ROUTE-DCP" Name="Traffic_System_routed.dcp"/>
  <File Type="ROUTE-BLACKBOX-DCP" Name="Traffic_System_routed_bb.dcp"/>
  <File Type="ROUTE-DRC" Name="Traffic_System_drc_routed.rpt"/>
  <File Type="ROUTE-DRC-PB" Name="Traffic_System_drc_routed.pb"/>
  <File Type="ROUTE-DRC-RPX" Name="Traffic_System_drc_routed.rpx"/>
  <File Type="ROUTE-METHODOLOGY-DRC" Name="Traffic_System_methodology_drc_routed.rpt"/>
  <File Type="ROUTE-METHODOLOGY-DRC-RPX" Name="Traffic_System_methodology_drc_routed.rpx"/>
  <File Type="ROUTE-METHODOLOGY-DRC-PB" Name="Traffic_System_methodology_drc_routed.pb"/>
  <File Type="ROUTE-PWR-RPX" Name="Traffic_System_power_routed.rpx"/>
  <File Type="ROUTE-STATUS" Name="Traffic_System_route_status.rpt"/>
  <File Type="ROUTE-STATUS-PB" Name="Traffic_System_route_status.pb"/>
  <File Type="ROUTE-TIMINGSUMMARY" Name="Traffic_System_timing_summary_routed.rpt"/>
  <File Type="ROUTE-TIMING-PB" Name="Traffic_System_timing_summary_routed.pb"/>
  <File Type="ROUTE-TIMING-RPX" Name="Traffic_System_timing_summary_routed.rpx"/>
  <File Type="ROUTE-SIMILARITY" Name="Traffic_System_incremental_reuse_routed.rpt"/>
  <File Type="ROUTE-CLK" Name="Traffic_System_clock_utilization_routed.rpt"/>
  <File Type="ROUTE-BUS-SKEW" Name="Traffic_System_bus_skew_routed.rpt"/>
  <File Type="ROUTE-BUS-SKEW-PB" Name="Traffic_System_bus_skew_routed.pb"/>
  <File Type="ROUTE-BUS-SKEW-RPX" Name="Traffic_System_bus_skew_routed.rpx"/>
  <File Type="POSTROUTE-PHYSOPT-DCP" Name="Traffic_System_postroute_physopt.dcp"/>
  <File Type="POSTROUTE-PHYSOPT-BLACKBOX-DCP" Name="Traffic_System_postroute_physopt_bb.dcp"/>
  <File Type="POSTROUTE-PHYSOPT-TIMING" Name="Traffic_System_timing_summary_postroute_physopted.rpt"/>
  <File Type="POSTROUTE-PHYSOPT-TIMING-PB" Name="Traffic_System_timing_summary_postroute_physopted.pb"/>
  <File Type="POSTROUTE-PHYSOPT-TIMING-RPX" Name="Traffic_System_timing_summary_postroute_physopted.rpx"/>
  <File Type="POSTROUTE-PHYSOPT-BUS-SKEW" Name="Traffic_System_bus_skew_postroute_physopted.rpt"/>
  <File Type="BG-BIT" Name="Traffic_System.bit"/>
  <File Type="POSTROUTE-PHYSOPT-BUS-SKEW-PB" Name="Traffic_System_bus_skew_postroute_physopted.pb"/>
  <File Type="POSTROUTE-PHYSOPT-BUS-SKEW-RPX" Name="Traffic_System_bus_skew_postroute_physopted.rpx"/>
  <File Type="BITSTR-NKY" Name="Traffic_System.nky"/>
  <File Type="BITSTR-BMM" Name="Traffic_System_bd.bmm"/>
  <File Type="PDI-FILE" Name="Traffic_System.pdi"/>
  <File Type="RCFI_FILE" Name="Traffic_System.rcfi"/>
  <File Type="CFI_FILE" Name="Traffic_System.cfi"/>
  <File Type="RNPI_FILE" Name="Traffic_System.rnpi"/>
  <File Type="NPI_FILE" Name="Traffic_System.npi"/>
  <File Type="RBD_FILE" Name="Traffic_System.rbd"/>
  <File Type="BITSTR-LTX" Name="debug_nets.ltx"/>
  <File Type="BITSTR-LTX" Name="Traffic_System.ltx"/>
  <File Type="BITSTR-SYSDEF" Name="Traffic_System.sysdef"/>
  <File Type="BG-BGN" Name="Traffic_System.bgn"/>
  <File Type="BG-DRC" Name="Traffic_System.drc"/>
  <File Type="RDI-RDI" Name="Traffic_System.vdi"/>
  <File Type="WBT-USG" Name="usage_statistics_webtalk.html"/>
  <FileSet Name="sources" Type="DesignSrcs" RelSrcDir="$PSRCDIR/sources_1" RelGenDir="$PGENDIR/sources_1">
    <Filter Type="Srcs"/>
    <File Path="$PSRCDIR/sources_1/new/Car_Detection.vhd">
      <FileInfo>
        <Attr Name="UsedIn" Val="synthesis"/>
        <Attr Name="UsedIn" Val="simulation"/>
      </FileInfo>
    </File>
    <File Path="$PSRCDIR/sources_1/new/Temperature_Humidity.vhd">
      <FileInfo>
        <Attr Name="UsedIn" Val="synthesis"/>
        <Attr Name="UsedIn" Val="simulation"/>
      </FileInfo>
    </File>
    <File Path="$PSRCDIR/sources_1/new/Traffic_Light.vhd">
      <FileInfo>
        <Attr Name="UsedIn" Val="synthesis"/>
        <Attr Name="UsedIn" Val="simulation"/>
      </FileInfo>
    </File>
    <File Path="$PSRCDIR/sources_1/new/Traffic_System.vhd">
      <FileInfo>
        <Attr Name="UsedIn" Val="synthesis"/>
        <Attr Name="UsedIn" Val="simulation"/>
      </FileInfo>
    </File>
    <Config>
      <Option Name="DesignMode" Val="RTL"/>
      <Option Name="TopModule" Val="Traffic_System"/>
    </Config>
  </FileSet>
  <FileSet Name="constrs_in" Type="Constrs" RelSrcDir="$PSRCDIR/constrs_1">
    <Filter Type="Constrs"/>
    <File Path="$PSRCDIR/constrs_1/new/DSD_Project.xdc">
      <FileInfo>
        <Attr Name="UsedIn" Val="synthesis"/>
        <Attr Name="UsedIn" Val="implementation"/>
      </FileInfo>
    </File>
    <Config>
      <Option Name="TargetConstrsFile" Val="$PSRCDIR/constrs_1/new/DSD_Project.xdc"/>
      <Option Name="ConstrsType" Val="XDC"/>
    </Config>
  </FileSet>
  <FileSet Name="utils" Type="Utils" RelSrcDir="$PSRCDIR/utils_1">
    <Filter Type="Utils"/>
    <Config>
      <Option Name="TopAutoSet" Val="TRUE"/>
    </Config>
  </FileSet>
  <Strategy Version="1" Minor="2">
    <StratHandle Name="Vivado Implementation Defaults" Flow="Vivado Implementation 2021"/>
    <Step Id="init_design"/>
    <Step Id="opt_design"/>
    <Step Id="power_opt_design"/>
    <Step Id="place_design"/>
    <Step Id="post_place_power_opt_design"/>
    <Step Id="phys_opt_design"/>
    <Step Id="route_design"/>
    <Step Id="post_route_phys_opt_design"/>
    <Step Id="write_bitstream"/>
  </Strategy>
</GenRun>
